SEQUENTIAL	
1002;987654321
1003;987654322
1004;987654323
1005;987654324
1006;987654325
1007;987654326
1008;987654327
1009;987654328
1010;987654329
1011;987654330
1012;987654331
1013;987654332
1014;987654333
1015;987654334
1016;987654335
1017;987654336
1018;987654337
1019;987654338
1020;987654339
1021;987654340
1022;987654341
1023;987654342
1024;987654343
1025;987654344
1026;987654345
1027;987654346
1028;987654347
1029;987654348
1030;987654349
1031;987654350
1032;987654351
1033;987654352
1034;987654353
1035;987654354
1036;987654355
1037;987654356
1038;987654357
1039;987654358
1040;987654359
1041;987654360
1042;987654361
1043;987654362
1044;987654363
1045;987654364
1046;987654365
1047;987654366
1048;987654367
1049;987654368
1050;987654369
1051;987654370
1052;987654371
1053;987654372
1054;987654373
1055;987654374
1056;987654375
1057;987654376
1058;987654377
1059;987654378
1060;987654379
1061;987654380
1062;987654381
1063;987654382
1064;987654383
1065;987654384
1066;987654385
1067;987654386
1068;987654387
1069;987654388
1070;987654389
1071;987654390
1072;987654391
1073;987654392
1074;987654393
1075;987654394
1076;987654395
1077;987654396
1078;987654397
1079;987654398
1080;987654399
1081;987654400
1082;987654401
1083;987654402
1084;987654403
1085;987654404
1086;987654405
1087;987654406
1088;987654407
1089;987654408
1090;987654409
1091;987654410
1092;987654411
1093;987654412
1094;987654413
1095;987654414
1096;987654415
1097;987654416
1098;987654417
1099;987654418
1100;987654419
1101;987654420
1102;987654421
1103;987654422
1104;987654423
1105;987654424
1106;987654425
1107;987654426
1108;987654427
1109;987654428
1110;987654429
1111;987654430
1112;987654431
1113;987654432
1114;987654433
1115;987654434
1116;987654435
1117;987654436
1118;987654437
1119;987654438
1120;987654439
1121;987654440
1122;987654441
1123;987654442
1124;987654443
1125;987654444
1126;987654445
1127;987654446
1128;987654447
1129;987654448
1130;987654449
1131;987654450
1132;987654451
1133;987654452
1134;987654453
1135;987654454
1136;987654455
1137;987654456
1138;987654457
1139;987654458
1140;987654459
1141;987654460
1142;987654461
1143;987654462
1144;987654463
1145;987654464
1146;987654465
1147;987654466
1148;987654467
1149;987654468
1150;987654469
1151;987654470
1152;987654471
1153;987654472
1154;987654473
1155;987654474
1156;987654475
1157;987654476
1158;987654477
1159;987654478
1160;987654479
1161;987654480
1162;987654481
1163;987654482
1164;987654483
1165;987654484
1166;987654485
1167;987654486
1168;987654487
1169;987654488
1170;987654489
1171;987654490
1172;987654491
1173;987654492
1174;987654493
1175;987654494
1176;987654495
1177;987654496
1178;987654497
1179;987654498
1180;987654499
1181;987654500
1182;987654501
1183;987654502
1184;987654503
1185;987654504
1186;987654505
1187;987654506
1188;987654507
1189;987654508
1190;987654509
1191;987654510
1192;987654511
1193;987654512
1194;987654513
1195;987654514
1196;987654515
1197;987654516
1198;987654517
1199;987654518
1200;987654519
1201;987654520
1202;987654521
1203;987654522
1204;987654523
1205;987654524
1206;987654525
1207;987654526
1208;987654527
1209;987654528
1210;987654529
1211;987654530
1212;987654531
1213;987654532
1214;987654533
1215;987654534
1216;987654535
1217;987654536
1218;987654537
1219;987654538
1220;987654539
1221;987654540
1222;987654541
1223;987654542
1224;987654543
1225;987654544
1226;987654545
1227;987654546
1228;987654547
1229;987654548
1230;987654549
1231;987654550
1232;987654551
1233;987654552
1234;987654553
1235;987654554
1236;987654555
1237;987654556
1238;987654557
1239;987654558
1240;987654559
1241;987654560
1242;987654561
1243;987654562
1244;987654563
1245;987654564
1246;987654565
1247;987654566
1248;987654567
1249;987654568
1250;987654569
1251;987654570
1252;987654571
1253;987654572
1254;987654573
1255;987654574
1256;987654575
1257;987654576
1258;987654577
1259;987654578
1260;987654579
1261;987654580
1262;987654581
1263;987654582
1264;987654583
1265;987654584
1266;987654585
1267;987654586
1268;987654587
1269;987654588
1270;987654589
1271;987654590
1272;987654591
1273;987654592
1274;987654593
1275;987654594
1276;987654595
1277;987654596
1278;987654597
1279;987654598
1280;987654599
1281;987654600
1282;987654601
1283;987654602
1284;987654603
1285;987654604
1286;987654605
1287;987654606
1288;987654607
1289;987654608
1290;987654609
1291;987654610
1292;987654611
1293;987654612
1294;987654613
1295;987654614
1296;987654615
1297;987654616
1298;987654617
1299;987654618
1300;987654619
1301;987654620
1302;987654621
1303;987654622
1304;987654623
1305;987654624
1306;987654625
1307;987654626
1308;987654627
1309;987654628
1310;987654629
1311;987654630
1312;987654631
1313;987654632
1314;987654633
1315;987654634
1316;987654635
1317;987654636
1318;987654637
1319;987654638
1320;987654639
1321;987654640
1322;987654641
1323;987654642
1324;987654643
1325;987654644
1326;987654645
1327;987654646
1328;987654647
1329;987654648
1330;987654649
1331;987654650
1332;987654651
1333;987654652
1334;987654653
1335;987654654
1336;987654655
1337;987654656
1338;987654657
1339;987654658
1340;987654659
1341;987654660
1342;987654661
1343;987654662
1344;987654663
1345;987654664
1346;987654665
1347;987654666
1348;987654667
1349;987654668
1350;987654669
1351;987654670
1352;987654671
1353;987654672
1354;987654673
1355;987654674
1356;987654675
1357;987654676
1358;987654677
1359;987654678
1360;987654679
1361;987654680
1362;987654681
1363;987654682
1364;987654683
1365;987654684
1366;987654685
1367;987654686
1368;987654687
1369;987654688
1370;987654689
1371;987654690
1372;987654691
1373;987654692
1374;987654693
1375;987654694
1376;987654695
1377;987654696
1378;987654697
1379;987654698
1380;987654699
1381;987654700
1382;987654701
1383;987654702
1384;987654703
1385;987654704
1386;987654705
1387;987654706
1388;987654707
1389;987654708
1390;987654709
1391;987654710
1392;987654711
1393;987654712
1394;987654713
1395;987654714
1396;987654715
1397;987654716
1398;987654717
1399;987654718
1400;987654719
1401;987654720
1402;987654721
1403;987654722
1404;987654723
1405;987654724
1406;987654725
1407;987654726
1408;987654727
1409;987654728
1410;987654729
1411;987654730
1412;987654731
1413;987654732
1414;987654733
1415;987654734
1416;987654735
1417;987654736
1418;987654737
1419;987654738
1420;987654739
1421;987654740
1422;987654741
1423;987654742
1424;987654743
1425;987654744
1426;987654745
1427;987654746
1428;987654747
1429;987654748
1430;987654749
1431;987654750
1432;987654751
1433;987654752
1434;987654753
1435;987654754
1436;987654755
1437;987654756
1438;987654757
1439;987654758
1440;987654759
1441;987654760
1442;987654761
1443;987654762
1444;987654763
1445;987654764
1446;987654765
1447;987654766
1448;987654767
1449;987654768
1450;987654769
1451;987654770
1452;987654771
1453;987654772
1454;987654773
1455;987654774
1456;987654775
1457;987654776
1458;987654777
1459;987654778
1460;987654779
1461;987654780
1462;987654781
1463;987654782
1464;987654783
1465;987654784
1466;987654785
1467;987654786
1468;987654787
1469;987654788
1470;987654789
1471;987654790
1472;987654791
1473;987654792
1474;987654793
1475;987654794
1476;987654795
1477;987654796
1478;987654797
1479;987654798
1480;987654799
1481;987654800
1482;987654801
1483;987654802
1484;987654803
1485;987654804
1486;987654805
1487;987654806
1488;987654807
1489;987654808
1490;987654809
1491;987654810
1492;987654811
1493;987654812
1494;987654813
1495;987654814
1496;987654815
1497;987654816
1498;987654817
1499;987654818
1500;987654819
